id,Stationsname,Lon,Lat,Höhe [m],Startdatum,Enddatum,Bundesland
1,Aflenz,15.24069,47.54594,783.2,1983-05-01 00:00:00+00:00,2100-12-31 00:00:00+00:00,Steiermark
2,Aigen im Ennstal,14.13826,47.53278,641.0,1939-03-01 00:00:00+00:00,2100-12-31 00:00:00+00:00,Steiermark
3,Allentsteig,15.36694,48.69083,598.8,1983-10-01 00:00:00+00:00,2100-12-31 00:00:00+00:00,Niederösterreich
4,Amstetten,14.895,48.10889,266.0,1936-01-01 00:00:00+00:00,2100-12-31 00:00:00+00:00,Niederösterreich
5,Bad Aussee,13.75844,47.6105,743.1,1983-09-01 00:00:00+00:00,2100-12-31 00:00:00+00:00,Steiermark
6,Bad Bleiberg,13.68444,46.62528,908.7,1896-01-01 00:00:00+00:00,2100-12-31 00:00:00+00:00,Kärnten
7,Bad Gastein,13.13336,47.11056,1092.0,1926-04-21 00:00:00+00:00,2100-12-31 00:00:00+00:00,Salzburg
8,Bad Gleichenberg,15.90361,46.87222,269.0,1895-07-01 00:00:00+00:00,2100-12-31 00:00:00+00:00,Steiermark
9,Bad Goisern,13.64472,47.62194,538.0,1936-01-01 00:00:00+00:00,2100-12-31 00:00:00+00:00,Oberösterreich
10,Bad Mitterndorf,13.93472,47.55333,814.0,1970-01-01 00:00:00+00:00,2100-12-31 00:00:00+00:00,Steiermark
11,Bad Radkersburg,15.99333,46.69222,207.0,1972-04-01 00:00:00+00:00,2100-12-31 00:00:00+00:00,Steiermark
12,Baden,16.235556,48.011391,244.8,1954-04-01 00:00:00+00:00,2012-05-31 23:59:59+00:00,Niederösterreich
13,Bernstein,16.26139,47.40833,630.8,1949-11-01 00:00:00+00:00,2100-12-31 00:00:00+00:00,Burgenland
14,Bischofshofen,13.22111,47.40667,549.9,1936-01-01 00:00:00+00:00,2100-12-31 00:00:00+00:00,Salzburg
15,Bregenz,9.74611,47.49917,424.0,1936-01-01 00:00:00+00:00,2100-12-31 00:00:00+00:00,Vorarlberg
16,Brenner,11.51083,47.00722,1412.0,1948-01-01 00:00:00+00:00,2100-12-31 00:00:00+00:00,Tirol
17,Bruck an der Mur,15.24972,47.40556,482.0,1895-01-01 00:00:00+00:00,2100-12-31 00:00:00+00:00,Steiermark
18,Bruckneudorf,16.845,48.01278,165.6,1939-01-01 00:00:00+00:00,2100-12-31 00:00:00+00:00,Burgenland
19,Dellach,13.08286,46.74189,628.2,1962-05-01 00:00:00+00:00,2100-12-31 00:00:00+00:00,Kärnten
20,Ehrwald,10.92,47.40417,982.0,1972-08-01 00:00:00+00:00,2100-12-31 00:00:00+00:00,Tirol
21,Bad Eisenkappel,14.59333,46.49056,623.0,1967-03-01 00:00:00+00:00,2100-12-31 00:00:00+00:00,Kärnten
22,Eisenstadt Nordost,16.53833,47.85417,184.0,1936-01-01 00:00:00+00:00,2100-12-31 00:00:00+00:00,Burgenland
23,Enns,14.45028,48.19583,317.0,1948-01-01 00:00:00+00:00,2100-12-31 00:00:00+00:00,Oberösterreich
24,Feldkirch,9.60972,47.27111,438.4,1895-07-01 00:00:00+00:00,2100-12-31 00:00:00+00:00,Vorarlberg
25,Fischbach,15.64389,47.44417,1034.4,1981-01-01 00:00:00+00:00,2100-12-31 00:00:00+00:00,Steiermark
26,Freistadt,14.50639,48.49472,539.0,1895-07-01 00:00:00+00:00,2100-12-31 00:00:00+00:00,Oberösterreich
27,Gallspach,13.825,48.20422,425.9,1966-11-01 00:00:00+00:00,2100-12-31 00:00:00+00:00,Oberösterreich
28,Galtür,10.18556,46.96806,1587.0,1901-01-01 00:00:00+00:00,2100-12-31 00:00:00+00:00,Tirol
29,Gmunden,13.8075,47.91472,424.4,1930-01-01 00:00:00+00:00,2016-04-26 23:59:59+00:00,Oberösterreich
30,Graz Universität/Heinrichstraße,15.448056,47.08,366.0,1894-01-01 00:00:00+00:00,2100-12-31 00:00:00+00:00,Steiermark
31,Groß-Enzersdorf,16.55917,48.19975,154.3,1936-01-01 00:00:00+00:00,2100-12-31 00:00:00+00:00,Niederösterreich
32,Gumpoldskirchen,16.28083,48.03583,212.0,1948-05-01 00:00:00+00:00,2100-12-31 00:00:00+00:00,Niederösterreich
35,Hieflau,14.738055,47.594444,779.0,1936-01-01 00:00:00+00:00,2007-12-31 23:59:59+00:00,Steiermark
36,Hohe Wand/Hochkogelhaus,16.035,47.82222,936.9,1991-05-01 00:00:00+00:00,2100-12-31 00:00:00+00:00,Niederösterreich
37,Schöngrabern,16.06167,48.60333,253.0,1936-01-01 00:00:00+00:00,2100-12-31 00:00:00+00:00,Niederösterreich
38,Imst,10.74222,47.23694,773.0,1936-01-01 00:00:00+00:00,2100-12-31 00:00:00+00:00,Tirol
39,Innsbruck Universität,11.38425,47.25986,578.0,1877-01-01 00:00:00+00:00,2100-12-31 00:00:00+00:00,Tirol
40,Irdning-Gumpenstein,14.09967,47.495,697.1,1953-12-01 00:00:00+00:00,2100-12-31 00:00:00+00:00,Steiermark
42,Jenbach,11.75814,47.38878,529.0,1955-04-01 00:00:00+00:00,2100-12-31 00:00:00+00:00,Tirol
43,Kals,12.6465,47.00478,1352.4,1951-05-01 00:00:00+00:00,2100-12-31 00:00:00+00:00,Tirol
44,Kalwang,14.75961,47.42126,743.6,1966-12-01 00:00:00+00:00,2100-12-31 00:00:00+00:00,Steiermark
46,Krems,15.62222,48.41861,202.0,1936-01-01 00:00:00+00:00,2100-12-31 00:00:00+00:00,Niederösterreich
47,Krimml,12.18197,47.22911,1008.8,1953-06-15 00:00:00+00:00,2100-12-31 00:00:00+00:00,Salzburg
48,Klagenfurt Flughafen,14.31833,46.64833,450.0,1952-07-01 00:00:00+00:00,2100-12-31 00:00:00+00:00,Kärnten
49,Kleinzicken,16.326667,47.2075,263.0,1978-01-01 00:00:00+00:00,2100-12-31 00:00:00+00:00,Burgenland
50,Landeck,10.56364,47.14025,795.6,1946-02-01 00:00:00+00:00,2100-12-31 00:00:00+00:00,Tirol
51,Langenlebarn,16.11806,48.32389,175.3,1963-01-01 00:00:00+00:00,2100-12-31 00:00:00+00:00,Niederösterreich
52,Langenlois,15.69722,48.4725,207.0,1965-01-01 00:00:00+00:00,2100-12-31 00:00:00+00:00,Niederösterreich
53,Laßnitzhöhe,15.59222,47.07361,530.0,1990-02-01 00:00:00+00:00,2100-12-31 00:00:00+00:00,Steiermark
54,Leibnitz-Wagna,15.55289,46.76739,267.9,2003-11-01 00:00:00+00:00,2100-12-31 00:00:00+00:00,Steiermark
55,Lienz,12.80639,46.82555,661.0,1880-01-01 00:00:00+00:00,2100-12-31 00:00:00+00:00,Tirol
56,Linz Stadt,14.28528,48.29639,262.0,1895-07-01 00:00:00+00:00,2100-12-31 00:00:00+00:00,Oberösterreich
57,Litschau,15.03831,48.95464,557.6,1954-07-01 00:00:00+00:00,2100-12-31 00:00:00+00:00,Niederösterreich
58,Lutzmannsburg,16.64556,47.46528,200.8,1995-01-01 00:00:00+00:00,2100-12-31 00:00:00+00:00,Burgenland
59,Mariazell/St.Sebastian Flugfeld,15.30222,47.78917,864.0,1948-01-01 00:00:00+00:00,2100-12-31 00:00:00+00:00,Steiermark
60,Mattsee,13.10556,47.97722,502.0,1949-06-17 00:00:00+00:00,2100-12-31 00:00:00+00:00,Salzburg
61,Mayrhofen,11.85139,47.1625,640.0,1936-01-01 00:00:00+00:00,2100-12-31 00:00:00+00:00,Tirol
62,Millstatt,13.57278,46.80806,721.0,1972-11-01 00:00:00+00:00,2100-12-31 00:00:00+00:00,Kärnten
63,Mönichkirchen,16.03333,47.51111,991.0,1954-08-01 00:00:00+00:00,2100-12-31 00:00:00+00:00,Niederösterreich
64,Neumarkt,14.42472,47.06972,869.0,1936-01-01 00:00:00+00:00,2100-12-31 00:00:00+00:00,Steiermark
65,Neusiedl am See,16.82889,47.94917,117.0,1936-01-01 00:00:00+00:00,2100-12-31 00:00:00+00:00,Burgenland
66,Obergurgl,11.02444,46.86694,1941.0,1953-01-01 00:00:00+00:00,2100-12-31 00:00:00+00:00,Tirol
67,Leiser Berge,16.37167,48.55889,456.5,1948-01-01 00:00:00+00:00,2100-12-31 00:00:00+00:00,Niederösterreich
68,Obertauern,13.55972,47.24889,1772.0,1971-06-01 00:00:00+00:00,2100-12-31 00:00:00+00:00,Salzburg
69,Obervellach,13.19444,46.93528,688.0,1970-09-01 00:00:00+00:00,2100-12-31 00:00:00+00:00,Kärnten
70,Poysdorf-Ost,16.6375,48.66917,198.0,1965-11-01 00:00:00+00:00,2100-12-31 00:00:00+00:00,Niederösterreich
71,Preitenegg,14.920278,46.938333,1059.0,1950-07-01 00:00:00+00:00,2100-12-31 00:00:00+00:00,Kärnten
72,Puchberg am Schneeberg,15.90694,47.79028,582.8,1949-06-04 00:00:00+00:00,2100-12-31 00:00:00+00:00,Niederösterreich
73,Radstadt-Tandalier,13.44083,47.38,835.0,1936-01-01 00:00:00+00:00,2100-12-31 00:00:00+00:00,Salzburg
74,Randegg,14.983334,48.008888,363.0,1977-05-05 00:00:00+00:00,2007-12-31 23:59:59+00:00,Niederösterreich
75,Ranshofen Braunau,13.02833,48.22417,382.0,1961-01-01 00:00:00+00:00,2100-12-31 00:00:00+00:00,Oberösterreich
76,Reutte,10.71528,47.49444,841.8,1936-01-01 00:00:00+00:00,2100-12-31 00:00:00+00:00,Tirol
77,Rohrbach,14.00444,48.56722,613.0,1948-05-23 00:00:00+00:00,2100-12-31 00:00:00+00:00,Oberösterreich
78,Rauris,12.99262,47.22353,933.8,1875-09-01 00:00:00+00:00,2100-12-31 00:00:00+00:00,Salzburg
80,Reichenau an der Rax,15.83694,47.69972,488.0,1895-01-01 00:00:00+00:00,2100-12-31 00:00:00+00:00,Niederösterreich
81,Retz Windmühle,15.94167,48.76111,320.0,1946-01-01 00:00:00+00:00,2100-12-31 00:00:00+00:00,Niederösterreich
82,Rudolfshütte,12.62594,47.13492,2317.0,1961-08-01 00:00:00+00:00,2100-12-31 00:00:00+00:00,Salzburg
83,Saalbach,12.64844,47.38789,974.6,1975-11-01 00:00:00+00:00,2100-12-31 00:00:00+00:00,Salzburg
85,Schmittenhöhe,12.73794,47.32872,1955.6,1895-07-01 00:00:00+00:00,2100-12-31 00:00:00+00:00,Salzburg
86,Schöckl,15.46639,47.19861,1443.0,1928-01-01 00:00:00+00:00,2100-12-31 00:00:00+00:00,Steiermark
87,Seefeld,11.17542,47.32478,1181.9,1948-05-01 00:00:00+00:00,2100-12-31 00:00:00+00:00,Tirol
88,Semmering,15.82839,47.63325,987.6,1936-01-01 00:00:00+00:00,2100-12-31 00:00:00+00:00,Niederösterreich
89,Stift Zwettl,15.20361,48.61778,502.4,1931-01-01 00:00:00+00:00,2100-12-31 00:00:00+00:00,Niederösterreich
90,St.Andrä im Lavanttal,14.82806,46.76417,403.0,1961-01-01 00:00:00+00:00,2100-12-31 00:00:00+00:00,Kärnten
91,Feistritz ob Bleiburg,14.765,46.561389,523.0,1961-01-01 00:00:00+00:00,2100-12-31 00:00:00+00:00,Kärnten
92,St.Michael im Lungau,13.62269,47.09447,1051.9,1968-12-01 00:00:00+00:00,2100-12-31 00:00:00+00:00,Salzburg
93,St.Pölten Landhaus,15.63111,48.19972,273.6,1947-01-01 00:00:00+00:00,2100-12-31 00:00:00+00:00,Niederösterreich
94,St.Radegund,15.48978,47.18211,726.3,1986-04-01 00:00:00+00:00,2100-12-31 00:00:00+00:00,Steiermark
95,St.Veit an der Glan,14.38556,46.73917,462.6,1968-05-01 00:00:00+00:00,2100-12-31 00:00:00+00:00,Kärnten
97,Stolzalpe,14.18822,47.12303,1291.0,1938-01-01 00:00:00+00:00,2100-12-31 00:00:00+00:00,Steiermark
98,Tamsweg,13.80833,47.13306,1025.0,1895-10-01 00:00:00+00:00,2100-12-31 00:00:00+00:00,Salzburg
100,Villach Stadt,13.87389,46.61806,493.0,1930-01-01 00:00:00+00:00,2100-12-31 00:00:00+00:00,Kärnten
101,Waidhofen an der Ybbs,14.80972,47.94556,384.0,1924-12-01 00:00:00+00:00,2100-12-31 00:00:00+00:00,Niederösterreich
102,Weißensee-Gatschach,13.28583,46.71861,949.0,1982-11-01 00:00:00+00:00,2100-12-31 00:00:00+00:00,Kärnten
103,Weitensfeld,14.19083,46.84917,704.0,1953-01-01 00:00:00+00:00,2100-12-31 00:00:00+00:00,Kärnten
104,Weyer,14.66572,47.85719,426.1,1968-06-01 00:00:00+00:00,2100-12-31 00:00:00+00:00,Oberösterreich
105,Wien Hohe Warte,16.35639,48.24861,198.0,1775-01-01 00:00:00+00:00,2100-12-31 00:00:00+00:00,Wien
106,Wien Mariabrunn,16.22944,48.20694,225.0,1936-01-01 00:00:00+00:00,2100-12-31 00:00:00+00:00,Wien
107,Wien Unterlaa,16.41944,48.125,200.0,1963-10-01 00:00:00+00:00,2100-12-31 00:00:00+00:00,Wien
108,Windischgarsten,14.32611,47.72028,599.9,1983-10-07 00:00:00+00:00,2100-12-31 00:00:00+00:00,Oberösterreich
109,St.Wolfgang,13.44194,47.74028,544.0,1936-01-01 00:00:00+00:00,2100-12-31 00:00:00+00:00,Oberösterreich
111,Wolfsegg,13.67092,48.10542,635.1,1951-11-11 00:00:00+00:00,2100-12-31 00:00:00+00:00,Oberösterreich
112,Wiener Neustadt Flugplatz,16.23147,47.83233,275.0,1948-09-01 00:00:00+00:00,2100-12-31 00:00:00+00:00,Niederösterreich
113,Zell am See,12.78639,47.29,754.0,1984-07-12 00:00:00+00:00,2100-12-31 00:00:00+00:00,Salzburg
115,Zeltweg,14.74689,47.19983,677.6,1962-10-01 00:00:00+00:00,2100-12-31 00:00:00+00:00,Steiermark
116,Deutschlandsberg,15.22694,46.82167,354.0,1895-08-01 00:00:00+00:00,2100-12-31 00:00:00+00:00,Steiermark
118,Kitzbühel,12.38917,47.44389,772.0,1936-01-01 00:00:00+00:00,2100-12-31 00:00:00+00:00,Tirol
119,St.Anton am Arlberg,10.26667,47.13139,1304.1,1938-02-01 00:00:00+00:00,2100-12-31 00:00:00+00:00,Tirol
120,Ferlach,14.31417,46.53111,459.1,1953-05-01 00:00:00+00:00,2100-12-31 00:00:00+00:00,Kärnten
121,Nauders,10.49694,46.89111,1330.2,1958-06-01 00:00:00+00:00,2100-12-31 00:00:00+00:00,Tirol
122,Kanzelhöhe,13.90194,46.67722,1520.0,1938-01-01 00:00:00+00:00,2100-12-31 00:00:00+00:00,Kärnten
124,Seckau,14.77861,47.27083,872.0,1895-01-01 00:00:00+00:00,2100-12-31 00:00:00+00:00,Steiermark
125,Kohlreithberg,15.935278,48.175835,490.0,1986-01-01 00:00:00+00:00,2010-06-17 23:59:59+00:00,Niederösterreich
126,Haiming,10.88944,47.25972,659.0,1947-11-01 00:00:00+00:00,2100-12-31 00:00:00+00:00,Tirol
127,Rinn,11.50389,47.24917,924.1,1957-01-01 00:00:00+00:00,2100-12-31 00:00:00+00:00,Tirol
129,Lofer Ort,12.69528,47.58444,622.0,1990-06-01 00:00:00+00:00,2100-12-31 00:00:00+00:00,Salzburg
130,Sillian,12.42358,46.74644,1081.4,1948-01-01 00:00:00+00:00,2100-12-31 00:00:00+00:00,Tirol
131,Salzburg Flughafen,13.00861,47.78944,430.0,1874-01-01 00:00:00+00:00,2100-12-31 00:00:00+00:00,Salzburg
132,Bad Ischl,13.64714,47.70619,506.7,1936-01-01 00:00:00+00:00,2100-12-31 00:00:00+00:00,Oberösterreich
133,Fraxern,9.67444,47.31417,807.0,1984-12-01 00:00:00+00:00,2100-12-31 00:00:00+00:00,Vorarlberg
134,Gänserndorf Stadt,16.71361,48.33778,163.0,1989-01-01 00:00:00+00:00,2100-12-31 00:00:00+00:00,Niederösterreich
136,Umhausen,10.92889,47.13917,1035.0,1936-01-01 00:00:00+00:00,2100-12-31 00:00:00+00:00,Tirol
137,Döllach,12.9025,46.95806,1071.0,1926-08-01 00:00:00+00:00,2100-12-31 00:00:00+00:00,Kärnten
138,Prutz,10.66472,47.06861,871.0,1967-07-01 00:00:00+00:00,2100-12-31 00:00:00+00:00,Tirol
139,Steinach am Brenner,11.46611,47.09833,1036.0,2008-01-01 00:00:00+00:00,2100-12-31 00:00:00+00:00,Tirol
140,Bad Tatzmannsdorf,16.228056,47.328056,332.0,2004-09-17 00:00:00+00:00,2100-12-31 00:00:00+00:00,Burgenland
141,Ried im Innkreis,13.475,48.21722,427.0,1936-01-01 00:00:00+00:00,2100-12-31 00:00:00+00:00,Oberösterreich
142,Kufstein,12.16278,47.57528,490.0,1905-01-01 00:00:00+00:00,2100-12-31 00:00:00+00:00,Tirol
144,Micheldorf,14.117222,47.88388,443.0,1978-11-01 00:00:00+00:00,2100-12-31 00:00:00+00:00,Oberösterreich
145,Salzburg Freisaal,13.05417,47.79111,419.0,1987-01-01 00:00:00+00:00,2100-12-31 00:00:00+00:00,Salzburg
146,Holzgau,10.33867,47.25758,1092.0,1936-01-01 00:00:00+00:00,2100-12-31 00:00:00+00:00,Tirol
147,Gröbming,13.90422,47.44678,765.5,1981-08-01 00:00:00+00:00,2100-12-31 00:00:00+00:00,Steiermark
148,Weitra,14.89861,48.70222,571.9,1936-01-01 00:00:00+00:00,2100-12-31 00:00:00+00:00,Niederösterreich
149,Mallnitz,13.16667,46.99194,1197.0,2002-08-01 00:00:00+00:00,2100-12-31 00:00:00+00:00,Kärnten
150,Spittal an der Drau,13.48725,46.7905,541.7,1977-04-01 00:00:00+00:00,2100-12-31 00:00:00+00:00,Kärnten
151,Achenkirch,11.70667,47.49944,931.0,1987-08-01 00:00:00+00:00,2100-12-31 00:00:00+00:00,Tirol
152,Laa an der Thaya Kläranlage,16.38972,48.73139,184.0,1952-01-01 00:00:00+00:00,2100-12-31 00:00:00+00:00,Niederösterreich
153,Präbichl,14.95416,47.52158,1215.2,1936-01-01 00:00:00+00:00,2100-12-31 00:00:00+00:00,Steiermark
154,Fürstenfeld,16.08083,47.03083,271.0,1936-01-01 00:00:00+00:00,2100-12-31 00:00:00+00:00,Steiermark
155,Oberndorf an der Melk,15.21381,48.06239,295.1,1977-11-01 00:00:00+00:00,2100-12-31 00:00:00+00:00,Niederösterreich
156,St.Johann im Pongau,13.18672,47.31981,634.2,1985-01-01 00:00:00+00:00,2100-12-31 00:00:00+00:00,Salzburg
157,Kollerschlag,13.83917,48.60278,714.0,1895-07-01 00:00:00+00:00,2100-12-31 00:00:00+00:00,Oberösterreich
158,Hohenau,16.913055,48.605835,150.0,1948-01-01 00:00:00+00:00,2100-12-31 00:00:00+00:00,Niederösterreich
159,Reichersberg,13.37611,48.33111,351.0,1936-01-01 00:00:00+00:00,2100-12-31 00:00:00+00:00,Oberösterreich
160,Waizenkirchen,13.86458,48.32656,400.2,1948-01-01 00:00:00+00:00,2100-12-31 00:00:00+00:00,Oberösterreich
161,Reichenau am Mühlkreis,14.34556,48.45917,689.1,1972-10-01 00:00:00+00:00,2100-12-31 00:00:00+00:00,Oberösterreich
162,Aspach,13.3,48.18306,427.0,1969-09-01 00:00:00+00:00,2100-12-31 00:00:00+00:00,Oberösterreich
163,Mondsee,13.34722,47.85083,480.5,1936-01-01 00:00:00+00:00,2100-12-31 00:00:00+00:00,Oberösterreich
164,Berndorf,16.10111,47.93917,337.0,1992-11-01 00:00:00+00:00,2100-12-31 00:00:00+00:00,Niederösterreich
165,Abtenau,13.34333,47.56667,709.0,1963-08-01 00:00:00+00:00,2100-12-31 00:00:00+00:00,Salzburg
166,Hall bei Admont,14.49083,47.59444,637.0,1895-07-01 00:00:00+00:00,2100-12-31 00:00:00+00:00,Steiermark
167,Mürzzuschlag,15.67278,47.60222,705.2,1948-01-01 00:00:00+00:00,2100-12-31 00:00:00+00:00,Steiermark
169,Pottschach,16.00806,47.70083,416.4,1961-04-01 00:00:00+00:00,2100-12-31 00:00:00+00:00,Niederösterreich
170,Aspang,16.10139,47.575,454.0,1948-04-23 00:00:00+00:00,2100-12-31 00:00:00+00:00,Niederösterreich
171,Dornbirn,9.72556,47.4325,407.3,1992-04-01 00:00:00+00:00,2100-12-31 00:00:00+00:00,Vorarlberg
172,Schoppernau,10.01778,47.31139,839.0,1948-01-01 00:00:00+00:00,2100-12-31 00:00:00+00:00,Vorarlberg
173,Schröcken,10.08611,47.26167,1244.0,1895-10-01 00:00:00+00:00,2100-12-31 00:00:00+00:00,Vorarlberg
174,Mittelberg,10.1525,47.32333,1204.0,1994-06-01 00:00:00+00:00,2100-12-31 00:00:00+00:00,Vorarlberg
175,Innsbruck Flughafen,11.35667,47.25999,578.0,1951-06-01 00:00:00+00:00,2100-12-31 00:00:00+00:00,Tirol
176,Hahnenkamm-Ehrenbachhöhe,12.35928,47.41831,1793.8,1938-01-01 00:00:00+00:00,2100-12-31 00:00:00+00:00,Tirol
177,Uttendorf,12.567778,47.263054,798.7,1961-09-01 00:00:00+00:00,2008-10-31 23:59:59+00:00,Salzburg
178,Hochfilzen,12.62111,47.47028,961.9,2001-09-01 00:00:00+00:00,2100-12-31 00:00:00+00:00,Tirol
179,Ramsau am Dachstein,13.63428,47.42514,1206.8,1991-01-01 00:00:00+00:00,2100-12-31 00:00:00+00:00,Steiermark
180,Rechnitz,16.45417,47.30139,308.0,2006-12-01 00:00:00+00:00,2100-12-31 00:00:00+00:00,Burgenland
181,Bludenz,9.82944,47.14778,571.0,1936-01-01 00:00:00+00:00,2100-12-31 00:00:00+00:00,Vorarlberg
182,Oberwölz,14.28669,47.20206,842.1,1936-01-01 00:00:00+00:00,2100-12-31 00:00:00+00:00,Steiermark
183,Güssing,16.32186,47.0625,215.3,1948-01-01 00:00:00+00:00,2100-12-31 00:00:00+00:00,Burgenland
184,Pitztaler Gletscher,10.87914,46.92706,2863.9,1989-03-01 00:00:00+00:00,2100-12-31 00:00:00+00:00,Tirol
185,St.Jakob im Defereggental,12.35389,46.91694,1383.0,1938-01-01 00:00:00+00:00,2100-12-31 00:00:00+00:00,Tirol
186,Flattnitz,14.03611,46.94083,1437.2,1970-09-01 00:00:00+00:00,2025-04-01 06:00:00+00:00,Kärnten
187,Friesach,14.40583,46.95861,640.0,1958-05-01 00:00:00+00:00,2100-12-31 00:00:00+00:00,Kärnten
188,Völkermarkt-Goldbrunnhof,14.639167,46.670834,466.0,1950-12-01 00:00:00+00:00,2100-12-31 00:00:00+00:00,Kärnten
189,Melk,15.33139,48.20972,307.0,1974-08-01 00:00:00+00:00,2100-12-31 00:00:00+00:00,Niederösterreich
190,Frankenmarkt,13.42306,47.99139,565.0,2004-03-01 00:00:00+00:00,2017-03-25 23:59:59+00:00,Oberösterreich
191,Japons,15.571389,48.791943,520.0,1953-09-16 00:00:00+00:00,2007-12-31 23:59:59+00:00,Niederösterreich
192,Wachtberg bei Steyr,14.46111,48.0475,384.0,1985-04-01 00:00:00+00:00,2100-12-31 00:00:00+00:00,Niederösterreich
193,Jauerling,15.33911,48.33447,955.0,1935-01-01 00:00:00+00:00,2100-12-31 00:00:00+00:00,Niederösterreich
195,Mittersill,12.495833,47.279167,783.0,2017-12-01 00:00:00+00:00,2100-12-31 00:00:00+00:00,Salzburg
196,Patscherkofel,11.46222,47.20889,2251.0,1940-08-01 00:00:00+00:00,2100-12-31 00:00:00+00:00,Tirol
197,Seibersdorf,16.504444,47.975,185.0,1961-06-01 00:00:00+00:00,2100-12-31 00:00:00+00:00,Niederösterreich
198,Pörtschach,14.16528,46.63083,450.0,1978-05-01 00:00:00+00:00,2100-12-31 00:00:00+00:00,Kärnten
199,Horn Wasserwerk,15.643888,48.674999,308.0,1936-01-01 00:00:00+00:00,2100-12-31 00:00:00+00:00,Niederösterreich
200,Gleisdorf,15.70806,47.11556,377.3,1961-01-01 00:00:00+00:00,2100-12-31 00:00:00+00:00,Steiermark
201,Weiz,15.634444,47.218334,465.7,1944-01-01 00:00:00+00:00,2013-05-31 23:59:59+00:00,Steiermark
202,Wörterberg,16.09678,47.22619,403.6,1929-07-01 00:00:00+00:00,2100-12-31 00:00:00+00:00,Burgenland
203,Fresach,13.68528,46.71528,683.0,1973-10-01 00:00:00+00:00,2100-12-31 00:00:00+00:00,Kärnten
204,Kremsmünster,14.13111,48.055,382.0,1874-01-01 00:00:00+00:00,2100-12-31 00:00:00+00:00,Oberösterreich
205,Feuerkogel,13.71778,47.81667,1618.0,1928-01-01 00:00:00+00:00,2100-12-31 00:00:00+00:00,Oberösterreich
206,Loibl Tunnel,14.24917,46.44389,1096.9,1959-01-01 00:00:00+00:00,2100-12-31 00:00:00+00:00,Kärnten
210,St.Leonhard im Pitztal,10.86556,47.02722,1454.4,1967-01-01 00:00:00+00:00,2100-12-31 00:00:00+00:00,Tirol
213,Sonnblick,12.9575,47.05417,3109.0,1886-10-01 00:00:00+00:00,2100-12-31 00:00:00+00:00,Salzburg
214,Söll,12.20028,47.50306,697.0,2015-07-01 00:00:00+00:00,2100-12-31 00:00:00+00:00,Tirol
215,Gars am Kamp,15.7,48.59194,273.0,1999-03-10 00:00:00+00:00,2100-12-31 00:00:00+00:00,Niederösterreich
216,Hittisau,9.953333,47.463055,792.0,1984-12-01 00:00:00+00:00,2008-12-31 23:59:59+00:00,Vorarlberg
217,Kapfenberg Flugfeld,15.33556,47.45833,515.0,1997-03-01 00:00:00+00:00,2100-12-31 00:00:00+00:00,Steiermark
218,Andau,17.03556,47.77,117.0,1995-08-01 00:00:00+00:00,2100-12-31 00:00:00+00:00,Burgenland
220,Gaschurn,10.031667,46.980278,985.0,2007-08-01 00:00:00+00:00,2100-12-31 00:00:00+00:00,Vorarlberg
221,Stockerau,16.190861,48.409833,210.0,1997-06-01 00:00:00+00:00,2100-12-31 00:00:00+00:00,Niederösterreich
222,Wolkersdorf,16.508889,48.388056,174.0,2008-07-23 00:00:00+00:00,2100-12-31 00:00:00+00:00,Niederösterreich
500,Litschau,15.03831,48.95464,557.6,1983-11-01 00:00:00+00:00,2100-12-31 00:00:00+00:00,Niederösterreich
701,Japons,15.571389,48.791943,520.0,1982-11-01 00:00:00+00:00,2007-12-31 00:00:00+00:00,Niederösterreich
726,Raabs an der Thaya,15.50194,48.84806,458.5,2008-06-25 00:00:00+00:00,2100-12-31 00:00:00+00:00,Niederösterreich
901,Retz,15.95,48.75361,256.0,1983-11-01 00:00:00+00:00,2100-12-31 00:00:00+00:00,Niederösterreich
905,Retz,15.94167,48.76111,320.0,1994-01-01 00:00:00+00:00,2100-12-31 00:00:00+00:00,Niederösterreich
910,Unterretzbach,15.998611,48.768333,243.0,1994-01-01 00:00:00+00:00,2007-12-31 00:00:00+00:00,Niederösterreich
1400,Kollerschlag,13.84,48.60639,725.0,1895-07-01 00:00:00+00:00,2008-06-30 00:00:00+00:00,Oberösterreich
1401,Kollerschlag,13.83917,48.60278,714.0,2008-06-17 00:00:00+00:00,2100-12-31 00:00:00+00:00,Oberösterreich
1415,Rohrbach,13.99406,48.56961,596.9,1994-07-01 00:00:00+00:00,2021-10-31 00:00:00+00:00,Oberösterreich
1416,Rohrbach,14.00444,48.56722,613.0,2021-10-13 00:00:00+00:00,2100-12-31 00:00:00+00:00,Oberösterreich
1601,Freistadt,14.506111,48.506111,549.0,1991-12-01 00:00:00+00:00,2014-08-04 00:00:00+00:00,Oberösterreich
1602,Freistadt,14.50639,48.49472,539.0,2014-03-31 00:00:00+00:00,2100-12-31 00:00:00+00:00,Oberösterreich
1730,Schwarzau im Freiwald,14.739445,48.668056,788.0,2022-10-07 00:00:00+00:00,2100-12-31 00:00:00+00:00,Niederösterreich
1802,Weitra,14.89861,48.70222,571.9,2003-08-01 00:00:00+00:00,2100-12-31 00:00:00+00:00,Niederösterreich
1906,Allentsteig,15.36694,48.69083,598.8,1992-08-01 00:00:00+00:00,2100-12-31 00:00:00+00:00,Niederösterreich
1920,Stift Zwettl,15.20361,48.61778,502.4,1994-08-01 00:00:00+00:00,2100-12-31 00:00:00+00:00,Niederösterreich
2114,Horn,15.65361,48.67056,318.4,2007-07-01 00:00:00+00:00,2020-10-05 00:00:00+00:00,Niederösterreich
2115,Gars am Kamp,15.66778,48.59556,267.0,1999-03-10 00:00:00+00:00,2016-05-18 00:00:00+00:00,Niederösterreich
2116,Gars am Kamp,15.7,48.59194,273.0,2016-05-20 00:00:00+00:00,2100-12-31 00:00:00+00:00,Niederösterreich
2117,Horn Wasserwerk,15.643888,48.674999,308.0,2019-04-15 00:00:00+00:00,2100-12-31 00:00:00+00:00,Niederösterreich
2201,Hollabrunn/Schöngrabern,16.061945,48.604443,253.0,1989-04-01 00:00:00+00:00,2007-12-31 00:00:00+00:00,Niederösterreich
2207,Schöngrabern,16.06167,48.60333,253.0,2007-04-01 00:00:00+00:00,2100-12-31 00:00:00+00:00,Niederösterreich
2400,Laa an der Thaya,16.385279,48.726112,187.0,1952-01-01 00:00:00+00:00,2007-12-31 00:00:00+00:00,Niederösterreich
2401,Laa an der Thaya Kläranlage,16.38972,48.73139,184.0,2006-12-18 00:00:00+00:00,2100-12-31 00:00:00+00:00,Niederösterreich
2415,Leiser Berge,16.37167,48.55889,456.5,1998-04-01 00:00:00+00:00,2100-12-31 00:00:00+00:00,Niederösterreich
2430,Mistelbach,16.60944,48.57083,191.0,2004-07-01 00:00:00+00:00,2100-12-31 00:00:00+00:00,Niederösterreich
2503,Poysdorf Ost,16.6375,48.66917,198.0,1991-12-01 00:00:00+00:00,2100-12-31 00:00:00+00:00,Niederösterreich
2600,Hohenau an der March,16.904444,48.617222,155.0,1948-01-01 00:00:00+00:00,2007-12-31 00:00:00+00:00,Niederösterreich
2601,Hohenau,16.90444,48.61639,153.8,2007-04-01 00:00:00+00:00,2022-03-01 00:00:00+00:00,Niederösterreich
2602,Hohenau,16.913055,48.605835,150.0,2022-03-01 00:00:00+00:00,2100-12-31 00:00:00+00:00,Niederösterreich
2900,Reichersberg,13.37,48.336113,350.0,1948-10-01 00:00:00+00:00,2008-09-30 00:00:00+00:00,Oberösterreich
2902,Reichersberg,13.37611,48.33111,351.0,2008-06-25 00:00:00+00:00,2100-12-31 00:00:00+00:00,Oberösterreich
2910,Schärding,13.43453,48.46428,306.7,1992-12-01 00:00:00+00:00,2100-12-31 00:00:00+00:00,Oberösterreich
3110,Waizenkirchen,13.864722,48.326668,400.0,1948-01-01 00:00:00+00:00,2008-09-30 00:00:00+00:00,Oberösterreich
3111,Waizenkirchen,13.86458,48.32656,400.2,2008-06-25 00:00:00+00:00,2100-12-31 00:00:00+00:00,Oberösterreich
3202,Linz Stadt,14.28528,48.29639,262.0,1992-07-01 00:00:00+00:00,2100-12-31 00:00:00+00:00,Oberösterreich
3210,Reichenau (Oberösterreich),14.3475,48.457222,685.0,1972-10-01 00:00:00+00:00,2008-12-31 00:00:00+00:00,Oberösterreich
3315,Reichenau im Mühlkreis,14.34556,48.45917,689.1,2008-08-01 00:00:00+00:00,2100-12-31 00:00:00+00:00,Oberösterreich
3400,Allerheiligen,14.639722,48.304722,542.0,1974-08-01 00:00:00+00:00,2007-12-31 00:00:00+00:00,Oberösterreich
3425,Bad Zell,14.66361,48.355,554.4,2008-11-09 00:00:00+00:00,2100-12-31 00:00:00+00:00,Oberösterreich
3520,Bärnkopf,15.00278,48.39111,969.0,2003-11-01 00:00:00+00:00,2100-12-31 00:00:00+00:00,Niederösterreich
3700,Jauerling,15.348056,48.337222,860.0,1965-11-01 00:00:00+00:00,2023-03-31 00:00:00+00:00,Niederösterreich
3702,Jauerling Gipfel,15.33911,48.33447,955.0,1994-01-01 00:00:00+00:00,2100-12-31 00:00:00+00:00,Niederösterreich
3805,Krems,15.62222,48.41861,202.0,1996-02-01 00:00:00+00:00,2100-12-31 00:00:00+00:00,Niederösterreich
3811,Langenlois,15.69722,48.4725,207.0,1989-11-01 00:00:00+00:00,2100-12-31 00:00:00+00:00,Niederösterreich
4026,Stockerau Flugplatz,16.190861,48.409833,210.0,2023-05-11 00:00:00+00:00,2100-12-31 00:00:00+00:00,Niederösterreich
4030,Stockerau,16.19261,48.39689,203.3,1997-06-01 00:00:00+00:00,2024-06-11 00:00:00+00:00,Niederösterreich
4081,Langenlebarn,16.11806,48.32389,175.3,1992-08-01 00:00:00+00:00,2100-12-31 00:00:00+00:00,Niederösterreich
4115,Wien Stammersdorf,16.40556,48.30581,190.7,2008-12-09 00:00:00+00:00,2100-12-31 00:00:00+00:00,Wien
4125,Wolkersdorf,16.5075,48.38028,184.9,2008-07-23 00:00:00+00:00,2024-10-08 00:00:00+00:00,Niederösterreich
4126,Wolkersdorf,16.508889,48.388056,174.0,2023-06-19 00:00:00+00:00,2100-12-31 00:00:00+00:00,Niederösterreich
4224,Gänserndorf Stadt,16.71361,48.33778,163.0,2002-11-12 00:00:00+00:00,2100-12-31 00:00:00+00:00,Niederösterreich
4305,Zwerndorf,16.83139,48.33806,143.5,1996-12-01 00:00:00+00:00,2100-12-31 00:00:00+00:00,Niederösterreich
4501,Ranshofen Braunau,13.02833,48.22417,382.0,1994-07-01 00:00:00+00:00,2100-12-31 00:00:00+00:00,Oberösterreich
4515,Ostermiething,12.83167,48.05306,412.0,2008-06-25 00:00:00+00:00,2100-12-31 00:00:00+00:00,Oberösterreich
4600,Aspach,13.297222,48.183887,440.0,1969-09-01 00:00:00+00:00,2007-03-31 00:00:00+00:00,Oberösterreich
4601,Aspach,13.3,48.18306,427.0,2009-07-08 00:00:00+00:00,2100-12-31 00:00:00+00:00,Oberösterreich
4611,Mattighofen,13.15111,48.09722,459.8,2008-07-01 00:00:00+00:00,2100-12-31 00:00:00+00:00,Oberösterreich
4705,Ried im Innkreis,13.475,48.21722,427.0,1997-07-01 00:00:00+00:00,2100-12-31 00:00:00+00:00,Oberösterreich
4801,Gallspach,13.811666,48.209999,368.0,1990-06-01 00:00:00+00:00,2008-06-30 00:00:00+00:00,Oberösterreich
4802,Gallspach,13.825,48.20422,425.9,2012-04-13 00:00:00+00:00,2100-12-31 00:00:00+00:00,Oberösterreich
4815,Wolfsegg,13.67092,48.10542,635.1,1995-06-01 00:00:00+00:00,2100-12-31 00:00:00+00:00,Oberösterreich
4821,Vöcklabruck,13.645833,48.0075,434.0,2008-09-25 00:00:00+00:00,2100-12-31 00:00:00+00:00,Oberösterreich
4905,Wels-Schleißheim,14.07139,48.16278,309.0,1983-10-01 00:00:00+00:00,2100-12-31 00:00:00+00:00,Oberösterreich
5000,Linz Hörsching Flughafen,14.18806,48.23528,298.0,1942-05-15 00:00:00+00:00,2100-12-31 00:00:00+00:00,Oberösterreich
5010,Kremsmünster,14.13222,48.05527,383.0,1874-01-01 00:00:00+00:00,2008-12-31 00:00:00+00:00,Oberösterreich
5012,Kremsmünster,14.13111,48.055,382.0,1988-01-01 00:00:00+00:00,2100-12-31 00:00:00+00:00,Oberösterreich
5112,Wachtberg bei Steyr,14.461945,48.048054,392.0,1985-04-01 00:00:00+00:00,2008-07-31 00:00:00+00:00,Niederösterreich
5116,Wachtberg bei Steyr,14.46111,48.0475,384.0,2008-06-01 00:00:00+00:00,2100-12-31 00:00:00+00:00,Niederösterreich
5130,Enns,14.45028,48.19583,317.0,2008-07-01 00:00:00+00:00,2100-12-31 00:00:00+00:00,Oberösterreich
5312,Randegg,14.983334,48.008888,363.0,1986-10-01 00:00:00+00:00,2007-12-31 00:00:00+00:00,Niederösterreich
5316,Amstetten,14.895,48.10889,266.0,2000-07-01 00:00:00+00:00,2100-12-31 00:00:00+00:00,Niederösterreich
5410,Oberndorf an der Melk,15.215278,48.063889,297.0,1977-11-01 00:00:00+00:00,2007-12-31 00:00:00+00:00,Niederösterreich
5412,Oberndorf an der Melk,15.21381,48.06239,295.1,2007-07-01 00:00:00+00:00,2100-12-31 00:00:00+00:00,Niederösterreich
5413,Melk,15.33139,48.20972,307.0,2008-09-25 00:00:00+00:00,2100-12-31 00:00:00+00:00,Niederösterreich
5421,Wieselburg,15.14672,48.12731,258.7,2007-07-01 00:00:00+00:00,2100-12-31 00:00:00+00:00,Niederösterreich
5609,St. Pölten Landhaus,15.63111,48.19972,273.6,2003-07-01 00:00:00+00:00,2100-12-31 00:00:00+00:00,Niederösterreich
5625,Lilienfeld-Tarschberg,15.5875,48.02806,696.0,1992-08-01 00:00:00+00:00,2100-12-31 00:00:00+00:00,Niederösterreich
5650,Hainfeld Kasberg,15.806111,48.067501,600.0,1993-12-01 00:00:00+00:00,2007-12-31 00:00:00+00:00,Niederösterreich
5701,Klausen Leopoldsdorf,16.00161,48.08864,389.0,2007-12-01 00:00:00+00:00,2100-12-31 00:00:00+00:00,Niederösterreich
5725,Kohlreithberg,15.935278,48.175835,490.0,2001-06-01 00:00:00+00:00,2010-06-22 00:00:00+00:00,Niederösterreich
5735,Buchberg,15.94495,48.21362,460.3,2009-11-01 00:00:00+00:00,2100-12-31 00:00:00+00:00,Niederösterreich
5802,Wien Jubliäumswarte,16.26528,48.22111,450.0,2009-09-01 00:00:00+00:00,2100-12-31 00:00:00+00:00,Wien
5805,Wien Mariabrunn,16.22944,48.20694,225.0,1997-01-01 00:00:00+00:00,2100-12-31 00:00:00+00:00,Wien
5820,Brunn am Gebirge,16.27,48.10694,290.6,2008-09-25 00:00:00+00:00,2100-12-31 00:00:00+00:00,Niederösterreich
5870,Baden,16.235556,48.011391,244.8,1982-12-01 00:00:00+00:00,2012-05-31 00:00:00+00:00,Niederösterreich
5881,Gumpoldskirchen,16.28222,48.04028,219.0,1990-11-01 00:00:00+00:00,2018-04-01 00:00:00+00:00,Niederösterreich
5882,Gumpoldskirchen,16.28083,48.03583,212.0,2018-03-28 00:00:00+00:00,2100-12-31 00:00:00+00:00,Niederösterreich
5904,Wien Hohe Warte,16.35639,48.24861,198.0,1991-04-01 00:00:00+00:00,2100-12-31 00:00:00+00:00,Wien
5917,Wien Unterlaa,16.41944,48.125,200.0,1996-01-01 00:00:00+00:00,2100-12-31 00:00:00+00:00,Wien
5925,Wien Innere Stadt,16.36694,48.19833,177.0,1985-01-01 00:00:00+00:00,2100-12-31 00:00:00+00:00,Wien
5935,Wien Donaufeld,16.43139,48.25722,160.0,1996-07-01 00:00:00+00:00,2100-12-31 00:00:00+00:00,Wien
5972,Groß-Enzersdorf,16.55917,48.19975,154.3,1989-06-01 00:00:00+00:00,2100-12-31 00:00:00+00:00,Niederösterreich
5990,Schwechat Flughafen,16.58139,48.1175,183.0,1948-01-01 00:00:00+00:00,2100-12-31 00:00:00+00:00,Niederösterreich
6020,Fuchsenbigl,16.748056,48.191944,149.0,1946-04-14 00:00:00+00:00,2007-11-30 00:00:00+00:00,Niederösterreich
6101,Bruckneudorf Heidehof,16.846666,48.014721,167.0,1939-01-01 00:00:00+00:00,2007-12-31 00:00:00+00:00,Burgenland
6102,Bruckneudorf,16.845,48.01278,165.6,2007-11-28 00:00:00+00:00,2100-12-31 00:00:00+00:00,Burgenland
6111,Bad Deutsch-Altenburg,16.90675,48.13647,168.6,2010-05-27 00:00:00+00:00,2100-12-31 00:00:00+00:00,Niederösterreich
6300,Salzburg Flughafen,13.00861,47.78944,430.0,1939-03-01 00:00:00+00:00,2100-12-31 00:00:00+00:00,Salzburg
6305,Salzburg Freisaal,13.05417,47.79111,419.0,1992-02-01 00:00:00+00:00,2100-12-31 00:00:00+00:00,Salzburg
6415,Mattsee,13.10556,47.97722,502.0,1999-10-01 00:00:00+00:00,2100-12-31 00:00:00+00:00,Salzburg
6430,Kolomansberg,13.27519,47.87772,1113.1,2008-06-25 00:00:00+00:00,2100-12-31 00:00:00+00:00,Salzburg
6501,Frankenmarkt,13.42306,47.99139,565.0,2004-03-01 00:00:00+00:00,2017-03-25 00:00:00+00:00,Oberösterreich
6510,Mondsee,13.36889,47.84778,491.0,1964-11-01 00:00:00+00:00,2008-12-31 00:00:00+00:00,Oberösterreich
6512,Mondsee,13.34722,47.85083,480.5,2009-01-01 00:00:00+00:00,2100-12-31 00:00:00+00:00,Oberösterreich
6540,Unterach am Attersee,13.483611,47.802776,470.0,2019-05-27 00:00:00+00:00,2100-12-31 00:00:00+00:00,Oberösterreich
6610,Feuerkogel,13.71833,47.81777,1618.0,1928-01-01 00:00:00+00:00,2008-12-31 00:00:00+00:00,Oberösterreich
6611,Feuerkogel,13.71778,47.81667,1618.0,1989-10-01 00:00:00+00:00,2100-12-31 00:00:00+00:00,Oberösterreich
6620,Gmunden,13.8075,47.91472,424.4,1982-08-12 00:00:00+00:00,2016-04-26 00:00:00+00:00,Oberösterreich
6621,Altmünster,13.77333,47.87917,438.0,2014-11-24 00:00:00+00:00,2100-12-31 00:00:00+00:00,Oberösterreich
6802,Micheldorf,14.135,47.882778,459.0,2005-08-01 00:00:00+00:00,2008-07-16 00:00:00+00:00,Oberösterreich
6803,Micheldorf,14.13444,47.88306,459.0,2008-07-31 00:00:00+00:00,2022-09-12 00:00:00+00:00,Oberösterreich
6804,Micheldorf,14.117222,47.88388,443.0,2022-09-13 00:00:00+00:00,2100-12-31 00:00:00+00:00,Oberösterreich
7001,Weyer,14.667222,47.857777,428.0,1989-07-01 00:00:00+00:00,2007-08-31 00:00:00+00:00,Oberösterreich
7002,Weyer,14.66572,47.85719,426.1,2007-07-05 00:00:00+00:00,2100-12-31 00:00:00+00:00,Oberösterreich
7012,Waidhofen an der Ybbs/Zentrum,14.78444,47.95778,365.1,2002-10-10 00:00:00+00:00,2019-06-04 00:00:00+00:00,Niederösterreich
7013,Waidhofen an der Ybbs,14.80972,47.94556,384.0,2017-03-30 00:00:00+00:00,2100-12-31 00:00:00+00:00,Niederösterreich
7110,Lunz am See,15.06758,47.85436,611.9,1994-09-01 00:00:00+00:00,2100-12-31 00:00:00+00:00,Niederösterreich
7221,Mariazell/St. Sebastian,15.30222,47.78917,864.0,2000-08-01 00:00:00+00:00,2100-12-31 00:00:00+00:00,Steiermark
7301,Kernhof-St. Aegyd am Neuwalde,15.547972,47.819333,679.0,2022-05-06 00:00:00+00:00,2100-12-31 00:00:00+00:00,Niederösterreich
7305,Krumbach,16.18667,47.52806,545.2,2006-12-01 00:00:00+00:00,2100-12-31 00:00:00+00:00,Niederösterreich
7505,Puchberg am Schneeberg,15.90694,47.79028,582.8,1998-04-01 00:00:00+00:00,2100-12-31 00:00:00+00:00,Niederösterreich
7531,Hohe Wand Hochkogelhaus,16.035,47.82222,936.9,1993-05-01 00:00:00+00:00,2100-12-31 00:00:00+00:00,Niederösterreich
7604,Wiener Neustadt Flugplatz,16.23147,47.83233,275.0,1992-09-01 00:00:00+00:00,2100-12-31 00:00:00+00:00,Niederösterreich
7610,Gutenstein Mariahilfberg,15.87611,47.87139,708.9,1996-07-01 00:00:00+00:00,2100-12-31 00:00:00+00:00,Niederösterreich
7640,Berndorf,16.10528,47.94111,339.0,1992-11-01 00:00:00+00:00,2007-12-31 00:00:00+00:00,Niederösterreich
7641,Berndorf,16.10111,47.93917,337.0,2007-07-01 00:00:00+00:00,2100-12-31 00:00:00+00:00,Niederösterreich
7653,Bad Vöslau,16.209444,47.961111,266.0,2021-09-30 00:00:00+00:00,2100-12-31 00:00:00+00:00,Niederösterreich
7704,Eisenstadt Nordost,16.53833,47.85417,184.0,1989-01-01 00:00:00+00:00,2100-12-31 00:00:00+00:00,Burgenland
7710,Seibersdorf,16.504444,47.975,185.0,1982-06-21 00:00:00+00:00,2100-12-31 00:00:00+00:00,Niederösterreich
7714,Hornstein,16.452103,47.877606,312.0,2024-03-06 00:00:00+00:00,2100-12-31 00:00:00+00:00,Burgenland
7890,Neusiedl am See,16.82889,47.94917,117.0,2017-01-20 00:00:00+00:00,2100-12-31 00:00:00+00:00,Burgenland
7906,Neusiedl am See,16.84167,47.95083,148.0,2004-08-01 00:00:00+00:00,2100-12-31 00:00:00+00:00,Burgenland
7912,Podersdorf Strandbad,16.83444,47.86611,116.0,2014-07-22 00:00:00+00:00,2100-12-31 00:00:00+00:00,Burgenland
7955,Andau,17.03333,47.7725,117.5,1995-08-01 00:00:00+00:00,2022-06-21 00:00:00+00:00,Burgenland
7956,Andau,17.03556,47.77,117.0,2021-06-17 00:00:00+00:00,2100-12-31 00:00:00+00:00,Burgenland
8301,Sulzberg,9.91416,47.52194,1014.0,2008-09-01 00:00:00+00:00,2100-12-31 00:00:00+00:00,Vorarlberg
8302,Sulzberg,9.914722,47.522222,1015.0,2009-01-01 00:00:00+00:00,2022-06-30 00:00:00+00:00,Vorarlberg
8805,Achenkirch,11.70528,47.53222,904.0,1998-07-01 00:00:00+00:00,2020-05-31 00:00:00+00:00,Tirol
8806,Achenkirch,11.70667,47.49944,931.0,2016-10-06 00:00:00+00:00,2100-12-31 00:00:00+00:00,Tirol
8807,Achenkirch,11.700833,47.5075,937.0,2020-06-01 00:00:00+00:00,2100-12-31 00:00:00+00:00,Tirol
9016,Kufstein,12.16278,47.57528,490.0,1992-06-01 00:00:00+00:00,2100-12-31 00:00:00+00:00,Tirol
9019,Söll,12.20028,47.50306,697.0,2015-06-30 00:00:00+00:00,2100-12-31 00:00:00+00:00,Tirol
9105,Kirchdorf in Tirol,12.46306,47.56611,636.6,2006-06-15 00:00:00+00:00,2100-12-31 00:00:00+00:00,Tirol
9110,Kössen,12.39381,47.66289,588.2,2008-09-01 00:00:00+00:00,2100-12-31 00:00:00+00:00,Tirol
9111,Kössen,12.393888,47.663055,589.0,2009-01-01 00:00:00+00:00,2023-11-30 00:00:00+00:00,Tirol
9211,Lofer Ort,12.69528,47.58444,622.0,1999-04-01 00:00:00+00:00,2100-12-31 00:00:00+00:00,Salzburg
9215,Loferer Alm,12.64611,47.59778,1619.0,1994-11-10 00:00:00+00:00,2100-12-31 00:00:00+00:00,Salzburg
9406,Golling,13.18178,47.59114,489.9,2008-10-01 00:00:00+00:00,2100-12-31 00:00:00+00:00,Salzburg
9450,St. Koloman,13.2325,47.651669,1000.0,1990-08-01 00:00:00+00:00,2008-08-31 00:00:00+00:00,Salzburg
9501,Abtenau,13.34333,47.56667,709.0,2008-06-25 00:00:00+00:00,2100-12-31 00:00:00+00:00,Salzburg
9511,St. Wolfgang,13.45,47.73694,539.0,1990-02-01 00:00:00+00:00,2013-09-30 00:00:00+00:00,Oberösterreich
9512,St. Wolfgang,13.44194,47.74028,544.0,2013-10-01 00:00:00+00:00,2100-12-31 00:00:00+00:00,Oberösterreich
9606,Bad Goisern,13.61803,47.64256,502.1,1998-01-01 00:00:00+00:00,2016-02-14 00:00:00+00:00,Oberösterreich
9609,Bad Goisern,13.64472,47.62194,538.0,2014-11-18 00:00:00+00:00,2100-12-31 00:00:00+00:00,Oberösterreich
9611,Bad Ischl,13.65,47.706665,512.0,2003-11-01 00:00:00+00:00,2007-12-31 00:00:00+00:00,Oberösterreich
9618,Bad Ischl,13.64714,47.70619,506.7,2007-07-01 00:00:00+00:00,2100-12-31 00:00:00+00:00,Oberösterreich
9620,Krippenstein,13.7,47.516666,2050.0,1956-03-21 00:00:00+00:00,2008-06-30 00:00:00+00:00,Oberösterreich
9640,Bad Aussee,13.78278,47.61111,667.0,1983-09-01 00:00:00+00:00,2013-01-31 00:00:00+00:00,Steiermark
9643,Bad Aussee,13.75844,47.6105,743.1,2013-02-01 00:00:00+00:00,2100-12-31 00:00:00+00:00,Steiermark
9700,Bad Mitterndorf,13.93472,47.55333,814.0,1983-11-01 00:00:00+00:00,2100-12-31 00:00:00+00:00,Steiermark
9801,Aigen im Ennstal,14.13826,47.53278,641.0,1992-08-01 00:00:00+00:00,2100-12-31 00:00:00+00:00,Steiermark
9811,Irdning-Gumpenstein,14.09967,47.495,697.1,1990-01-01 00:00:00+00:00,2100-12-31 00:00:00+00:00,Steiermark
9900,Admont,14.456944,47.573055,648.0,1959-12-01 00:00:00+00:00,2007-12-31 00:00:00+00:00,Steiermark
9911,Hall bei Admont,14.49083,47.59444,637.0,2007-07-01 00:00:00+00:00,2100-12-31 00:00:00+00:00,Steiermark
9919,Windischgarsten,14.32611,47.72028,599.9,1983-10-01 00:00:00+00:00,2100-12-31 00:00:00+00:00,Oberösterreich
9925,Rottenmann,14.43028,47.50767,707.2,2009-08-31 00:00:00+00:00,2100-12-31 00:00:00+00:00,Steiermark
10002,Hieflau,14.738055,47.594444,779.0,1998-01-01 00:00:00+00:00,2007-12-31 00:00:00+00:00,Steiermark
10005,Mooslandl,14.76167,47.64753,529.9,2005-09-16 00:00:00+00:00,2100-12-31 00:00:00+00:00,Steiermark
10111,Präbichl,14.95416,47.52158,1215.2,2000-09-13 00:00:00+00:00,2100-12-31 00:00:00+00:00,Steiermark
10200,Aflenz,15.24069,47.54594,783.2,1983-05-01 00:00:00+00:00,2100-12-31 00:00:00+00:00,Steiermark
10400,Mürzzuschlag,15.685833,47.603054,700.0,1948-01-01 00:00:00+00:00,2009-03-31 00:00:00+00:00,Steiermark
10401,Mürzzuschlag,15.67278,47.60222,705.2,2008-09-08 00:00:00+00:00,2100-12-31 00:00:00+00:00,Steiermark
10412,Rax Seilbahnbergstation,15.77861,47.7175,1547.2,1995-05-01 00:00:00+00:00,2100-12-31 00:00:00+00:00,Niederösterreich
10415,Semmering,15.82839,47.63325,987.6,1998-11-01 00:00:00+00:00,2100-12-31 00:00:00+00:00,Niederösterreich
10500,Mönichkirchen,16.03333,47.51111,991.0,1983-07-01 00:00:00+00:00,2100-12-31 00:00:00+00:00,Niederösterreich
10508,Breitenstein,15.836111,47.663612,825.0,1988-01-01 00:00:00+00:00,2007-02-28 00:00:00+00:00,Niederösterreich
10510,Reichenau an der Rax,15.83694,47.69972,488.0,1982-09-16 00:00:00+00:00,2100-12-31 00:00:00+00:00,Niederösterreich
10530,Pottschach,16.008333,47.701389,415.0,1961-04-01 00:00:00+00:00,2007-12-31 00:00:00+00:00,Niederösterreich
10531,Pottschach,16.00806,47.70083,416.4,2007-07-01 00:00:00+00:00,2100-12-31 00:00:00+00:00,Niederösterreich
10550,Hirschenkogel,15.83333,47.62333,1318.1,1994-08-01 00:00:00+00:00,2025-05-21 00:00:00+00:00,Niederösterreich
10600,Aspang,16.092777,47.551945,498.0,1970-08-01 00:00:00+00:00,2007-12-31 00:00:00+00:00,Niederösterreich
10601,Wiesmath,16.287222,47.598057,700.0,1982-07-01 00:00:00+00:00,2007-12-31 00:00:00+00:00,Niederösterreich
10607,Aspang,16.10139,47.575,454.0,2007-11-27 00:00:00+00:00,2100-12-31 00:00:00+00:00,Niederösterreich
10710,Mattersburg,16.38917,47.745,283.9,2007-11-27 00:00:00+00:00,2100-12-31 00:00:00+00:00,Burgenland
10720,Neudorf bei Landsee,16.38139,47.56278,429.0,2015-11-18 00:00:00+00:00,2100-12-31 00:00:00+00:00,Burgenland
11102,Bregenz,9.74611,47.49917,424.0,1984-04-01 00:00:00+00:00,2100-12-31 00:00:00+00:00,Vorarlberg
11104,Bregenz,9.74611,47.49917,424.0,1993-01-01 00:00:00+00:00,2100-12-31 00:00:00+00:00,Vorarlberg
11106,Fraxern,9.67444,47.31417,807.0,2003-07-01 00:00:00+00:00,2100-12-31 00:00:00+00:00,Vorarlberg
11112,Dornbirn,9.72556,47.4325,407.3,1992-04-01 00:00:00+00:00,2022-09-01 00:00:00+00:00,Vorarlberg
11113,Dornbirn,9.725555,47.432499,407.0,2016-12-01 00:00:00+00:00,2022-09-01 00:00:00+00:00,Vorarlberg
11114,Dornbirn,9.72556,47.4325,407.3,2022-09-01 00:00:00+00:00,2100-12-31 00:00:00+00:00,Vorarlberg
11115,Feldkirch,9.60972,47.27111,438.4,1993-10-01 00:00:00+00:00,2100-12-31 00:00:00+00:00,Vorarlberg
11116,Laterns-Gapfohl,9.75992,47.27503,1558.7,2013-01-23 00:00:00+00:00,2100-12-31 00:00:00+00:00,Vorarlberg
11135,Alberschwende,9.84861,47.4575,715.3,1995-11-01 00:00:00+00:00,2100-12-31 00:00:00+00:00,Vorarlberg
11146,Rohrspitz,9.63,47.49722,395.1,2008-07-23 00:00:00+00:00,2100-12-31 00:00:00+00:00,Vorarlberg
11200,Schoppernau,10.018611,47.311111,835.0,1948-01-01 00:00:00+00:00,2100-12-31 00:00:00+00:00,Vorarlberg
11203,Schoppernau,10.01778,47.31139,839.0,2007-08-01 00:00:00+00:00,2100-12-31 00:00:00+00:00,Vorarlberg
11205,Hittisau,9.953333,47.463055,792.0,1999-01-01 00:00:00+00:00,2008-12-31 00:00:00+00:00,Vorarlberg
11300,Schröcken,10.08528,47.26306,1263.0,1895-10-01 00:00:00+00:00,2021-09-01 00:00:00+00:00,Vorarlberg
11301,Schröcken,10.08611,47.26167,1244.0,2007-11-27 00:00:00+00:00,2100-12-31 00:00:00+00:00,Vorarlberg
11305,Warth,10.18611,47.25583,1478.0,1984-12-01 00:00:00+00:00,2100-12-31 00:00:00+00:00,Vorarlberg
11306,Warth,10.185555,47.256943,1475.0,2008-09-01 00:00:00+00:00,2100-12-31 00:00:00+00:00,Vorarlberg
11311,Mittelberg,10.1525,47.32333,1204.0,2009-06-01 00:00:00+00:00,2100-12-31 00:00:00+00:00,Vorarlberg
11401,Holzgau,10.342222,47.262501,1080.0,2005-09-17 00:00:00+00:00,2100-12-31 00:00:00+00:00,Tirol
11402,Holzgau,10.33867,47.25758,1092.0,2007-08-01 00:00:00+00:00,2100-12-31 00:00:00+00:00,Tirol
11410,Tannheim,10.50583,47.50028,1100.0,2008-09-01 00:00:00+00:00,2100-12-31 00:00:00+00:00,Tirol
11505,Reutte,10.71528,47.49444,841.8,1994-07-01 00:00:00+00:00,2100-12-31 00:00:00+00:00,Tirol
11506,Reutte,10.715278,47.494999,850.0,2008-09-01 00:00:00+00:00,2100-12-31 00:00:00+00:00,Tirol
11602,Ehrwald,10.920278,47.404724,960.0,2001-04-01 00:00:00+00:00,2100-12-31 00:00:00+00:00,Tirol
11603,Ehrwald,10.92,47.40417,982.0,2007-10-18 00:00:00+00:00,2100-12-31 00:00:00+00:00,Tirol
11706,Seefeld,11.17542,47.32478,1181.9,1997-05-15 00:00:00+00:00,2100-12-31 00:00:00+00:00,Tirol
11707,Seefeld,11.178333,47.327778,1198.0,2014-12-01 00:00:00+00:00,2025-05-13 00:00:00+00:00,Tirol
11800,Innsbruck Flughafen,11.35528,47.25888,579.0,1951-06-01 00:00:00+00:00,2100-12-31 00:00:00+00:00,Tirol
11803,Innsbruck Universität,11.38425,47.25986,578.0,1986-09-01 00:00:00+00:00,2100-12-31 00:00:00+00:00,Tirol
11804,Innsbruck Flughafen,11.35667,47.25999,578.0,1992-07-01 00:00:00+00:00,2100-12-31 00:00:00+00:00,Tirol
11901,Jenbach,11.75814,47.38878,529.0,1994-07-01 00:00:00+00:00,2100-12-31 00:00:00+00:00,Tirol
11903,Jenbach,11.755278,47.389999,530.0,2009-01-01 00:00:00+00:00,2024-04-30 00:00:00+00:00,Tirol
12015,Alpbach,11.93944,47.39667,929.0,2007-11-27 00:00:00+00:00,2100-12-31 00:00:00+00:00,Tirol
12016,Alpbach,11.94055,47.39639,930.0,2009-01-01 00:00:00+00:00,2100-12-31 00:00:00+00:00,Tirol
12201,Kitzbühel,12.358333,47.459722,791.0,2001-07-01 00:00:00+00:00,2016-06-13 00:00:00+00:00,Tirol
12202,Kitzbühel,12.39417,47.44722,746.1,2007-01-01 00:00:00+00:00,2014-03-21 00:00:00+00:00,Tirol
12203,Kitzbühel,12.38917,47.44389,772.0,2014-11-18 00:00:00+00:00,2100-12-31 00:00:00+00:00,Tirol
12208,Kitzbühel,12.39639,47.4425,757.0,2016-06-07 00:00:00+00:00,2019-12-01 00:00:00+00:00,Tirol
12215,Hahnenkamm-Ehrenbachhöhe,12.35928,47.41831,1793.8,1992-11-12 00:00:00+00:00,2100-12-31 00:00:00+00:00,Tirol
12216,Hahnenkamm-Sonnenrast,12.359445,47.409168,1667.0,2016-10-20 00:00:00+00:00,2100-12-31 00:00:00+00:00,Tirol
12220,Uttendorf,12.569167,47.262779,803.0,1961-09-01 00:00:00+00:00,2008-10-31 00:00:00+00:00,Salzburg
12231,Mittersill,12.495833,47.279167,783.0,2017-12-01 00:00:00+00:00,2100-12-31 00:00:00+00:00,Salzburg
12301,Saalbach,12.68917,47.37833,1022.0,1992-06-01 00:00:00+00:00,2008-12-31 00:00:00+00:00,Salzburg
12302,Saalbach,12.64844,47.38789,974.6,2008-09-30 00:00:00+00:00,2100-12-31 00:00:00+00:00,Salzburg
12311,Schmittenhöhe,12.73794,47.32872,1955.6,1983-10-01 00:00:00+00:00,2100-12-31 00:00:00+00:00,Salzburg
12322,Zell am See,12.79528,47.32667,766.0,1984-07-12 00:00:00+00:00,2019-07-15 00:00:00+00:00,Salzburg
12323,Zell am See,12.78639,47.29,754.0,2019-07-16 00:00:00+00:00,2100-12-31 00:00:00+00:00,Salzburg
12351,Hochfilzen,12.62111,47.47028,961.9,2007-11-27 00:00:00+00:00,2100-12-31 00:00:00+00:00,Tirol
12352,Hochflizen,12.621111,47.470276,960.0,2008-03-01 00:00:00+00:00,2100-12-31 00:00:00+00:00,Tirol
12504,Bischofshofen,13.22111,47.40667,549.9,1996-09-01 00:00:00+00:00,2100-12-31 00:00:00+00:00,Salzburg
12505,St. Johann im Pongau,13.18361,47.31528,634.0,1985-01-01 00:00:00+00:00,2008-02-29 00:00:00+00:00,Salzburg
12506,Bischofshofen-Buchberg,13.216666,47.400002,733.0,2001-01-01 00:00:00+00:00,2100-12-31 00:00:00+00:00,Salzburg
12513,St. Veit im Pongau,13.155,47.32917,749.0,1984-11-01 00:00:00+00:00,2100-12-31 00:00:00+00:00,Salzburg
12530,St. Johann im Pongau,13.18672,47.31981,634.2,2008-03-01 00:00:00+00:00,2100-12-31 00:00:00+00:00,Salzburg
12615,Radstadt,13.45611,47.38528,858.0,1994-07-01 00:00:00+00:00,2017-11-08 00:00:00+00:00,Salzburg
12616,Radstadt-Tandalier,13.44083,47.38,835.0,2016-08-08 00:00:00+00:00,2100-12-31 00:00:00+00:00,Salzburg
12700,Rohrmoos,13.659166,47.378334,1075.0,1981-01-01 00:00:00+00:00,2007-12-31 00:00:00+00:00,Steiermark
12711,Ramsau am Dachstein,13.63428,47.42514,1206.8,1991-01-01 00:00:00+00:00,2100-12-31 00:00:00+00:00,Steiermark
12720,Dachstein-Hunerkogel,13.62639,47.46778,2700.0,2017-05-29 00:00:00+00:00,2100-12-31 00:00:00+00:00,Oberösterreich
12721,Dachstein-Schladminger Gletscher,13.6325,47.474445,2520.0,2017-11-13 00:00:00+00:00,2100-12-31 00:00:00+00:00,Oberösterreich
12811,Gröbming,13.90422,47.44678,765.5,2001-10-01 00:00:00+00:00,2100-12-31 00:00:00+00:00,Steiermark
13000,Oberzeiring,14.496111,47.254723,933.0,1971-01-01 00:00:00+00:00,2007-12-31 00:00:00+00:00,Steiermark
13010,Pusterwald,14.375278,47.308056,1070.0,1978-01-01 00:00:00+00:00,2007-12-31 00:00:00+00:00,Steiermark
13116,Seckau,14.77861,47.27083,872.0,2002-02-01 00:00:00+00:00,2100-12-31 00:00:00+00:00,Steiermark
13120,Kalwang,14.75961,47.42126,743.6,1994-04-01 00:00:00+00:00,2100-12-31 00:00:00+00:00,Steiermark
13250,St. Michael bei Leoben,15.005,47.335556,570.0,1984-09-01 00:00:00+00:00,2013-05-14 00:00:00+00:00,Steiermark
13302,Bruck an der Mur,15.24972,47.40556,482.0,2004-12-01 00:00:00+00:00,2100-12-31 00:00:00+00:00,Steiermark
13305,Kapfenberg,15.29828,47.44592,504.7,1997-03-01 00:00:00+00:00,2018-05-22 00:00:00+00:00,Steiermark
13308,Frohnleiten,15.315,47.25556,421.0,2008-09-01 00:00:00+00:00,2100-12-31 00:00:00+00:00,Steiermark
13312,Leoben,15.08667,47.37833,544.0,2012-12-01 00:00:00+00:00,2100-12-31 00:00:00+00:00,Steiermark
13400,Rechberg,15.416389,47.262779,926.0,1968-04-17 00:00:00+00:00,2007-12-31 00:00:00+00:00,Steiermark
13401,Kapfenberg Flugfeld,15.33556,47.45833,515.0,2018-05-23 00:00:00+00:00,2100-12-31 00:00:00+00:00,Steiermark
13515,Fischbach,15.64389,47.44417,1034.4,1995-01-01 00:00:00+00:00,2100-12-31 00:00:00+00:00,Steiermark
13600,Altenberg/Hartberg,16.031389,47.256668,429.0,1980-04-01 00:00:00+00:00,2007-12-31 00:00:00+00:00,Steiermark
13605,Hartberg,15.97861,47.28056,329.6,1994-08-01 00:00:00+00:00,2100-12-31 00:00:00+00:00,Steiermark
13606,Rohrbach an der Lafnitz/Eichberg,15.93694,47.4,692.0,2009-01-01 00:00:00+00:00,2100-12-31 00:00:00+00:00,Steiermark
13640,Kroisegg,16.042223,47.378613,444.0,2016-06-07 00:00:00+00:00,2100-12-31 00:00:00+00:00,Burgenland
13701,Bernstein,16.260555,47.405277,600.0,1990-03-01 00:00:00+00:00,2007-12-31 00:00:00+00:00,Burgenland
13702,Bernstein,16.26139,47.40833,630.8,2007-07-01 00:00:00+00:00,2100-12-31 00:00:00+00:00,Burgenland
13706,Bad Tatzmannsdorf,16.225,47.33797,347.2,2004-09-17 00:00:00+00:00,2024-01-31 00:00:00+00:00,Burgenland
13707,Bad Tatzmannsdorf,16.228056,47.328056,332.0,2024-01-24 00:00:00+00:00,2100-12-31 00:00:00+00:00,Burgenland
13805,Hirschenstein,16.379168,47.345276,858.9,2007-02-14 00:00:00+00:00,2014-09-16 00:00:00+00:00,Burgenland
13811,Rechnitz,16.45417,47.30139,308.0,2006-12-01 00:00:00+00:00,2100-12-31 00:00:00+00:00,Burgenland
13907,Lutzmannsburg,16.64556,47.46528,200.8,2000-06-01 00:00:00+00:00,2100-12-31 00:00:00+00:00,Burgenland
14103,Bludenz,9.82944,47.14778,571.0,2015-09-15 00:00:00+00:00,2100-12-31 00:00:00+00:00,Vorarlberg
14104,Bludenz,9.823611,47.154167,564.8,2007-08-01 00:00:00+00:00,2015-09-09 00:00:00+00:00,Vorarlberg
14105,Bludenz,9.835834,47.142222,575.0,2001-08-17 00:00:00+00:00,2100-12-31 00:00:00+00:00,Vorarlberg
14115,Brand,9.73833,47.10306,1029.0,2001-06-01 00:00:00+00:00,2100-12-31 00:00:00+00:00,Vorarlberg
14200,Vandans,9.864445,47.089443,670.0,1977-07-01 00:00:00+00:00,2008-05-31 00:00:00+00:00,Vorarlberg
14301,St. Anton am Arlberg,10.27,47.13167,1289.0,2002-04-01 00:00:00+00:00,2100-12-31 00:00:00+00:00,Tirol
14302,St. Anton am Arlberg,10.26667,47.13139,1304.1,2007-08-03 00:00:00+00:00,2100-12-31 00:00:00+00:00,Tirol
14305,Galzig,10.23028,47.12972,2079.0,1993-09-01 00:00:00+00:00,2100-12-31 00:00:00+00:00,Tirol
14308,Valluga,10.21278,47.1575,2805.0,2011-02-14 00:00:00+00:00,2100-12-31 00:00:00+00:00,Tirol
14310,Langen am Arlberg,10.124722,47.134998,1270.0,1895-07-01 00:00:00+00:00,2100-12-31 00:00:00+00:00,Vorarlberg
14311,Langen am Arlberg,10.12333,47.13167,1221.0,2007-08-06 00:00:00+00:00,2100-12-31 00:00:00+00:00,Vorarlberg
14403,Landeck,10.56364,47.14025,795.6,1993-07-01 00:00:00+00:00,2100-12-31 00:00:00+00:00,Tirol
14512,Imst,10.741111,47.24889,860.0,1987-12-17 00:00:00+00:00,2024-10-08 00:00:00+00:00,Tirol
14513,Imst,10.74222,47.23694,773.0,2007-08-17 00:00:00+00:00,2100-12-31 00:00:00+00:00,Tirol
14521,Prutz,10.66472,47.06861,871.0,2004-12-01 00:00:00+00:00,2100-12-31 00:00:00+00:00,Tirol
14602,Haiming,10.879167,47.25861,663.0,2000-06-01 00:00:00+00:00,2100-12-31 00:00:00+00:00,Tirol
14603,Haiming,10.88944,47.25972,659.0,2007-08-19 00:00:00+00:00,2100-12-31 00:00:00+00:00,Tirol
14621,St. Leonhard-Neurur,10.864445,47.022221,1462.0,1983-01-01 00:00:00+00:00,2100-12-31 00:00:00+00:00,Tirol
14622,St. Leonhard im Pitztal,10.86556,47.02722,1454.4,2007-11-27 00:00:00+00:00,2100-12-31 00:00:00+00:00,Tirol
14631,Umhausen,10.92889,47.13917,1035.0,2003-07-01 00:00:00+00:00,2100-12-31 00:00:00+00:00,Tirol
14701,Neustift/Milders,11.29194,47.10278,1006.6,2004-11-06 00:00:00+00:00,2100-12-31 00:00:00+00:00,Tirol
14801,Brenner,11.513333,47.005554,1445.0,1992-10-01 00:00:00+00:00,2015-01-31 00:00:00+00:00,Tirol
14802,Brenner,11.51083,47.00722,1412.0,2007-11-27 00:00:00+00:00,2100-12-31 00:00:00+00:00,Tirol
14810,Patscherkofel,11.462222,47.209446,2247.0,1966-12-16 00:00:00+00:00,2010-09-30 00:00:00+00:00,Tirol
14812,Patscherkofel,11.46222,47.20889,2251.0,1993-08-01 00:00:00+00:00,2100-12-31 00:00:00+00:00,Tirol
14821,Rinn,11.501667,47.25,895.0,2000-04-01 00:00:00+00:00,2025-05-13 00:00:00+00:00,Tirol
14822,Rinn,11.50389,47.24917,924.1,2007-11-27 00:00:00+00:00,2100-12-31 00:00:00+00:00,Tirol
14825,Schmirn,11.58028,47.08722,1464.0,2004-11-06 00:00:00+00:00,2100-12-31 00:00:00+00:00,Tirol
14833,Steinach am Brenner,11.46611,47.09833,1036.0,2007-11-27 00:00:00+00:00,2100-12-31 00:00:00+00:00,Tirol
14834,Steinach in Tirol,11.466666,47.083332,1025.0,2009-01-01 00:00:00+00:00,2100-12-31 00:00:00+00:00,Tirol
14912,Hintertux,11.675,47.10694,1505.0,2013-02-22 00:00:00+00:00,2100-12-31 00:00:00+00:00,Tirol
15001,Mayrhofen,11.850555,47.159443,643.0,1992-09-01 00:00:00+00:00,2100-12-31 00:00:00+00:00,Tirol
15002,Mayrhofen,11.85139,47.1625,640.0,2007-09-01 00:00:00+00:00,2100-12-31 00:00:00+00:00,Tirol
15105,Krimml,12.18197,47.22911,1008.8,1997-09-01 00:00:00+00:00,2100-12-31 00:00:00+00:00,Salzburg
15210,Virgen,12.45592,47.00278,1211.9,1992-09-01 00:00:00+00:00,2100-12-31 00:00:00+00:00,Tirol
15300,Enzingerboden,12.633333,47.166667,1480.0,1962-03-01 00:00:00+00:00,2100-12-31 00:00:00+00:00,Salzburg
15310,Mooserboden,12.716666,47.150002,2036.0,1944-09-01 00:00:00+00:00,2008-06-30 00:00:00+00:00,Salzburg
15321,Rudolfshütte,12.62594,47.13492,2317.0,1992-12-01 00:00:00+00:00,2100-12-31 00:00:00+00:00,Salzburg
15343,Kals,12.646111,47.003334,1338.0,1993-04-30 00:00:00+00:00,2007-12-31 00:00:00+00:00,Tirol
15344,Kals,12.6465,47.00478,1352.4,2007-08-01 00:00:00+00:00,2100-12-31 00:00:00+00:00,Tirol
15402,Rauris,12.99262,47.22353,933.8,1992-12-01 00:00:00+00:00,2100-12-31 00:00:00+00:00,Salzburg
15410,Sonnblick,12.9575,47.05417,3109.0,1886-10-01 00:00:00+00:00,2008-12-31 00:00:00+00:00,Salzburg
15411,Sonnblick,12.9575,47.05417,3109.0,1986-09-01 00:00:00+00:00,2100-12-31 00:00:00+00:00,Salzburg
15430,Kolm-Saigurn,12.98472,47.06944,1626.2,1995-11-01 00:00:00+00:00,2100-12-31 00:00:00+00:00,Salzburg
15501,Bad Gastein,13.13336,47.11056,1092.0,2009-09-01 00:00:00+00:00,2100-12-31 00:00:00+00:00,Salzburg
15506,Bad Hofgastein,13.108056,47.161944,842.0,2013-09-01 00:00:00+00:00,2100-12-31 00:00:00+00:00,Salzburg
15509,Großarltal,13.19478,47.24144,882.3,2011-02-14 00:00:00+00:00,2100-12-31 00:00:00+00:00,Salzburg
15515,Bad Gastein/Böckstein,13.120833,47.092777,1100.0,1995-11-01 00:00:00+00:00,2009-12-31 00:00:00+00:00,Salzburg
15610,Obertauern,13.55972,47.24889,1772.0,1995-01-01 00:00:00+00:00,2100-12-31 00:00:00+00:00,Salzburg
15640,Kölnbreinsperre,13.346111,47.08305,1916.0,2021-11-23 00:00:00+00:00,2100-12-31 00:00:00+00:00,Kärnten
15701,St. Michael im Lungau,13.63167,47.095,1049.0,1988-07-01 00:00:00+00:00,2008-10-31 00:00:00+00:00,Salzburg
15702,St. Michael im Lungau,13.62269,47.09447,1051.9,2008-06-25 00:00:00+00:00,2100-12-31 00:00:00+00:00,Salzburg
15711,Tamsweg,13.81,47.124722,1025.0,1998-06-01 00:00:00+00:00,2008-09-30 00:00:00+00:00,Salzburg
15712,Tamsweg,13.80833,47.13306,1025.0,2008-06-25 00:00:00+00:00,2100-12-31 00:00:00+00:00,Salzburg
15715,Katschberg,13.61472,47.06056,1635.0,1998-10-01 00:00:00+00:00,2100-12-31 00:00:00+00:00,Kärnten
15721,Mariapfarr,13.745,47.15222,1151.0,1991-01-01 00:00:00+00:00,2100-12-31 00:00:00+00:00,Salzburg
15800,Flattnitz,14.035277,46.944721,1438.0,1970-09-01 00:00:00+00:00,2007-09-30 00:00:00+00:00,Kärnten
15901,Oberwölz,14.28669,47.20206,842.1,2007-08-01 00:00:00+00:00,2100-12-31 00:00:00+00:00,Steiermark
15905,Krakauebene,13.952778,47.188057,1312.0,1990-10-01 00:00:00+00:00,2007-12-31 00:00:00+00:00,Steiermark
15912,Stolzalpe,14.18822,47.12303,1291.0,2007-07-24 00:00:00+00:00,2100-12-31 00:00:00+00:00,Steiermark
15920,Murau,14.17694,47.11111,816.0,1989-01-01 00:00:00+00:00,2100-12-31 00:00:00+00:00,Steiermark
16015,Neumarkt,14.42472,47.06972,869.0,1993-08-01 00:00:00+00:00,2100-12-31 00:00:00+00:00,Steiermark
16101,Zeltweg,14.74689,47.19983,677.6,1992-04-01 00:00:00+00:00,2100-12-31 00:00:00+00:00,Steiermark
16300,Lobming,15.178333,47.043056,414.0,1961-01-01 00:00:00+00:00,2007-12-31 00:00:00+00:00,Steiermark
16308,Köflach,15.087222,47.070277,465.0,2004-11-01 00:00:00+00:00,2100-12-31 00:00:00+00:00,Steiermark
16400,Graz Thalerhof Flughafen,15.44,46.98056,340.0,1950-01-01 00:00:00+00:00,2100-12-31 00:00:00+00:00,Steiermark
16411,St. Radegund,15.48978,47.18211,726.3,1986-04-01 00:00:00+00:00,2100-12-31 00:00:00+00:00,Steiermark
16412,Graz Universität,15.44892,47.07767,366.7,1988-06-01 00:00:00+00:00,2100-12-31 00:00:00+00:00,Steiermark
16413,Graz Straßgang,15.41028,47.04611,356.5,2007-11-27 00:00:00+00:00,2100-12-31 00:00:00+00:00,Steiermark
16414,Graz Universität/Heinrichstraße,15.448056,47.08,366.0,2022-09-01 00:00:00+00:00,2100-12-31 00:00:00+00:00,Steiermark
16421,Schöckl,15.46639,47.19861,1443.0,1992-12-01 00:00:00+00:00,2100-12-31 00:00:00+00:00,Steiermark
16500,Gleisdorf,15.710834,47.113335,375.0,1961-01-01 00:00:00+00:00,2007-12-31 00:00:00+00:00,Steiermark
16501,Gleisdorf,15.70806,47.11556,377.3,2007-06-01 00:00:00+00:00,2100-12-31 00:00:00+00:00,Steiermark
16511,Laßnitzhöhe,15.59222,47.07361,530.0,1990-02-01 00:00:00+00:00,2100-12-31 00:00:00+00:00,Steiermark
16520,Weiz,15.635555,47.218613,465.0,1940-05-01 00:00:00+00:00,2007-12-31 00:00:00+00:00,Steiermark
16521,Weiz,15.634444,47.218334,465.7,2007-06-01 00:00:00+00:00,2014-04-08 00:00:00+00:00,Steiermark
16600,Fürstenfeld,16.081667,47.031113,271.0,1936-01-01 00:00:00+00:00,2007-06-30 00:00:00+00:00,Steiermark
16601,Fürstenfeld,16.08083,47.03083,271.0,2007-07-01 00:00:00+00:00,2100-12-31 00:00:00+00:00,Steiermark
16702,Güssing,16.32186,47.0625,215.3,2008-07-01 00:00:00+00:00,2100-12-31 00:00:00+00:00,Burgenland
16710,Wörterberg,16.09833,47.22722,400.0,1929-07-02 00:00:00+00:00,2007-12-31 00:00:00+00:00,Burgenland
16711,Wörterberg,16.09678,47.22619,403.6,2007-07-01 00:00:00+00:00,2100-12-31 00:00:00+00:00,Burgenland
16800,Kleinzicken,16.326667,47.2075,263.0,1993-01-01 00:00:00+00:00,2100-12-31 00:00:00+00:00,Burgenland
16905,Gaschurn,10.02861,46.98583,976.3,2007-08-01 00:00:00+00:00,2021-10-06 00:00:00+00:00,Vorarlberg
16906,Gaschurn,10.031667,46.980278,985.0,2020-09-01 00:00:00+00:00,2100-12-31 00:00:00+00:00,Vorarlberg
16910,Partenen,10.05,46.966667,1028.0,1963-10-01 00:00:00+00:00,2021-04-01 00:00:00+00:00,Vorarlberg
17002,Galtür,10.18556,46.96806,1587.0,1996-11-01 00:00:00+00:00,2100-12-31 00:00:00+00:00,Tirol
17003,Galtür,10.189167,46.964443,1615.0,2012-06-01 00:00:00+00:00,2100-12-31 00:00:00+00:00,Tirol
17004,Galtür,10.185833,46.972778,1648.0,2008-09-01 00:00:00+00:00,2012-05-31 00:00:00+00:00,Tirol
17005,Ischgl-Idalpe,10.31722,46.9825,2327.0,1984-09-01 00:00:00+00:00,2100-12-31 00:00:00+00:00,Tirol
17006,Ischgl-Idalpe,10.317223,46.981945,2323.0,2009-01-01 00:00:00+00:00,2022-06-30 00:00:00+00:00,Tirol
17102,Nauders,10.49694,46.89111,1330.2,2004-06-01 00:00:00+00:00,2100-12-31 00:00:00+00:00,Tirol
17301,Obergurgl,11.02444,46.86694,1941.0,1999-01-01 00:00:00+00:00,2100-12-31 00:00:00+00:00,Tirol
17315,Pitztaler Gletscher,10.87914,46.92706,2863.9,1994-01-01 00:00:00+00:00,2100-12-31 00:00:00+00:00,Tirol
17320,Brunnenkogel,10.86167,46.91278,3437.0,2003-07-01 00:00:00+00:00,2100-12-31 00:00:00+00:00,Tirol
17700,St. Jakob im Defereggental,12.354445,46.917221,1385.0,1938-01-01 00:00:00+00:00,2007-10-31 00:00:00+00:00,Tirol
17701,St. Jakob im Defereggental,12.35389,46.91694,1383.0,2007-07-06 00:00:00+00:00,2100-12-31 00:00:00+00:00,Tirol
17901,Lienz,12.80639,46.82555,661.0,1985-12-01 00:00:00+00:00,2100-12-31 00:00:00+00:00,Tirol
18001,Döllach,12.9025,46.95806,1071.0,2004-05-01 00:00:00+00:00,2100-12-31 00:00:00+00:00,Kärnten
18010,Iselsberg,12.858055,46.855556,1190.0,1979-09-01 00:00:00+00:00,2007-12-31 00:00:00+00:00,Kärnten
18111,Mallnitz,13.16667,46.99194,1197.0,1987-03-01 00:00:00+00:00,2100-12-31 00:00:00+00:00,Kärnten
18121,Obervellach,13.22333,46.92889,809.0,1986-12-01 00:00:00+00:00,2015-02-01 00:00:00+00:00,Kärnten
18122,Obervellach,13.19444,46.93528,688.0,2014-07-09 00:00:00+00:00,2100-12-31 00:00:00+00:00,Kärnten
18210,Millstatt,13.57278,46.80806,721.0,1982-06-24 00:00:00+00:00,2100-12-31 00:00:00+00:00,Kärnten
18225,Spittal an der Drau,13.48725,46.7905,541.7,1993-06-08 00:00:00+00:00,2100-12-31 00:00:00+00:00,Kärnten
18231,Gmünd,13.53417,46.90278,738.4,2008-07-23 00:00:00+00:00,2100-12-31 00:00:00+00:00,Kärnten
18402,Flattnitz,14.03611,46.94083,1437.2,2007-07-01 00:00:00+00:00,2100-12-31 00:00:00+00:00,Kärnten
18500,Weitensfeld,14.19639,46.84444,705.0,1985-09-01 00:00:00+00:00,2007-12-31 00:00:00+00:00,Kärnten
18502,Weitensfeld,14.19083,46.84917,704.0,2007-07-01 00:00:00+00:00,2100-12-31 00:00:00+00:00,Kärnten
18600,Friesach,14.42,46.955276,634.0,1958-05-01 00:00:00+00:00,2007-12-31 00:00:00+00:00,Kärnten
18601,Friesach,14.40583,46.95861,640.0,2007-07-01 00:00:00+00:00,2100-12-31 00:00:00+00:00,Kärnten
18621,St. Veit an der Glan,14.345834,46.759724,475.0,1997-03-01 00:00:00+00:00,2007-12-31 00:00:00+00:00,Kärnten
18622,St. Veit an der Glan,14.38556,46.73917,462.6,2007-08-01 00:00:00+00:00,2100-12-31 00:00:00+00:00,Kärnten
18705,St. Andrä im Lavanttal,14.82806,46.76417,403.0,1993-03-11 00:00:00+00:00,2100-12-31 00:00:00+00:00,Kärnten
18805,Preitenegg,14.920278,46.938333,1059.0,1993-06-01 00:00:00+00:00,2100-12-31 00:00:00+00:00,Kärnten
18906,Deutschlandsberg,15.22694,46.82167,354.0,2001-05-01 00:00:00+00:00,2100-12-31 00:00:00+00:00,Steiermark
19021,Leibnitz-Wagna,15.55289,46.76739,267.9,2003-11-01 00:00:00+00:00,2100-12-31 00:00:00+00:00,Steiermark
19204,Bad Gleichenberg,15.90361,46.87222,269.0,2003-04-17 00:00:00+00:00,2100-12-31 00:00:00+00:00,Steiermark
19205,Feldbach,15.87972,46.94889,323.0,1998-11-01 00:00:00+00:00,2100-12-31 00:00:00+00:00,Steiermark
19505,Sillian,12.42358,46.74644,1081.4,1996-09-19 00:00:00+00:00,2100-12-31 00:00:00+00:00,Tirol
19700,Dellach,13.08286,46.74189,628.2,1983-05-05 00:00:00+00:00,2100-12-31 00:00:00+00:00,Kärnten
19710,Kornat,12.889444,46.688057,1047.0,1948-01-01 00:00:00+00:00,2007-12-31 00:00:00+00:00,Kärnten
19711,Kornat,12.888889,46.685001,990.0,2017-05-22 00:00:00+00:00,2100-12-31 00:00:00+00:00,Kärnten
19715,Vorhegg,12.972222,46.677776,1020.0,1990-12-01 00:00:00+00:00,2010-04-30 00:00:00+00:00,Kärnten
19720,Kötschach-Mauthen,12.99833,46.67638,705.0,1987-03-01 00:00:00+00:00,2100-12-31 00:00:00+00:00,Kärnten
19800,Reisach,13.154166,46.648335,646.0,1961-01-01 00:00:00+00:00,2007-12-31 00:00:00+00:00,Kärnten
19821,Weißensee-Gatschach,13.28583,46.71861,949.0,1982-10-14 00:00:00+00:00,2100-12-31 00:00:00+00:00,Kärnten
19911,Hermagor,13.49222,46.60972,561.6,2008-07-23 00:00:00+00:00,2100-12-31 00:00:00+00:00,Kärnten
20001,Bad Bleiburg,13.688889,46.625,907.0,1985-05-01 00:00:00+00:00,2007-09-30 00:00:00+00:00,Kärnten
20002,Bad Bleiberg,13.68444,46.62528,908.7,2007-08-01 00:00:00+00:00,2100-12-31 00:00:00+00:00,Kärnten
20010,Fresach,13.695,46.71444,748.0,1973-10-01 00:00:00+00:00,2008-09-30 00:00:00+00:00,Kärnten
20011,Fresach,13.68528,46.71528,683.0,2008-09-01 00:00:00+00:00,2100-12-31 00:00:00+00:00,Kärnten
20020,Villacher Alpe,13.67333,46.60361,2140.0,1921-11-01 00:00:00+00:00,2100-12-31 00:00:00+00:00,Kärnten
20021,Villacher Alpe,13.67278,46.60361,2117.0,1994-08-01 00:00:00+00:00,2100-12-31 00:00:00+00:00,Kärnten
20101,Kanzelhöhe,13.90194,46.67722,1520.0,2002-01-01 00:00:00+00:00,2100-12-31 00:00:00+00:00,Kärnten
20105,Arriach,13.85244,46.72769,890.2,1990-06-21 00:00:00+00:00,2100-12-31 00:00:00+00:00,Kärnten
20123,Villach Stadt,13.87389,46.61806,493.0,1993-12-01 00:00:00+00:00,2100-12-31 00:00:00+00:00,Kärnten
20201,Ferlach,14.295278,46.530277,460.0,2002-05-01 00:00:00+00:00,2007-12-31 00:00:00+00:00,Kärnten
20202,Ferlach,14.31417,46.53111,459.1,2007-08-01 00:00:00+00:00,2100-12-31 00:00:00+00:00,Kärnten
20209,Klagenfurt/HTL1-Lastenstraße,14.316667,46.61944,441.0,2021-04-21 00:00:00+00:00,2100-12-31 00:00:00+00:00,Kärnten
20212,Klagenfurt Flughafen,14.31833,46.64833,450.0,1996-09-01 00:00:00+00:00,2100-12-31 00:00:00+00:00,Kärnten
20213,Klagenfurt,14.333333,46.650002,447.0,1996-11-01 00:00:00+00:00,2008-03-31 00:00:00+00:00,Kärnten
20220,Pörtschach,14.16528,46.63083,450.0,1982-10-01 00:00:00+00:00,2100-12-31 00:00:00+00:00,Kärnten
20270,Feldkirchen,14.09694,46.72194,546.4,1995-07-01 00:00:00+00:00,2100-12-31 00:00:00+00:00,Kärnten
20404,Feistritz ob Bleiburg,14.7675,46.55917,530.0,2003-08-01 00:00:00+00:00,2007-12-31 00:00:00+00:00,Kärnten
20408,Völkermarkt,14.618611,46.661388,473.1,2008-07-23 00:00:00+00:00,2015-10-13 00:00:00+00:00,Kärnten
20411,Völkermarkt Goldbrunnhof,14.639167,46.670834,466.0,2015-10-20 00:00:00+00:00,2100-12-31 00:00:00+00:00,Kärnten
20412,Feistritz ob Bleiburg,14.765,46.561389,523.0,2007-08-01 00:00:00+00:00,2100-12-31 00:00:00+00:00,Kärnten
20600,Wiel,15.129444,46.746113,928.0,1965-04-01 00:00:00+00:00,2007-12-31 00:00:00+00:00,Steiermark
20902,Bad Radkersburg,15.97944,46.68583,209.8,2001-02-01 00:00:00+00:00,2016-04-06 00:00:00+00:00,Steiermark
20903,Bad Radkersburg,15.99333,46.69222,207.0,2016-04-01 00:00:00+00:00,2100-12-31 00:00:00+00:00,Steiermark
21100,Loibl Tunnel,14.25,46.444443,1098.0,1959-01-01 00:00:00+00:00,2007-12-31 00:00:00+00:00,Kärnten
21101,Loibl Tunnel,14.24917,46.44389,1096.9,2007-08-01 00:00:00+00:00,2100-12-31 00:00:00+00:00,Kärnten
21300,Bad Eisenkappel,14.59333,46.49056,623.0,1982-11-18 00:00:00+00:00,2100-12-31 00:00:00+00:00,Kärnten
5901,Wien Hohe Warte,16.35639,48.24861,203.0,1880-04-01 00:00:00+00:00,2014-11-30 23:00:00+00:00,Wien
11801,Innsbruck Universität,11.385,47.260555,577.0,1921-12-01 00:00:00+00:00,2008-04-30 23:00:00+00:00,Tirol
12500,Bischofshofen,13.21667,47.4,550.0,1980-06-02 13:00:00+00:00,2008-06-30 23:00:00+00:00,Salzburg
14520,Prutz,10.666667,47.066666,870.0,1967-07-01 00:00:00+00:00,2008-01-31 23:00:00+00:00,Tirol
15600,Obertauern,13.56667,47.26667,1742.0,1984-08-23 14:00:00+00:00,2008-06-30 23:00:00+00:00,Salzburg
19600,St. Lorenzen im Lesachtal,12.783334,46.700001,1260.0,1980-01-01 00:00:00+00:00,2007-12-31 23:00:00+00:00,Kärnten
20210,Klagenfurt Flughafen,14.33333,46.65001,477.0,1883-08-01 00:00:00+00:00,2008-01-31 23:00:00+00:00,Kärnten
